{
  "accuracy": 0.9929328621908127,
  "precision": 0.9902889308770272,
  "recall": 0.9837740287706928,
  "f1": 0.98682682982658
}